name,email,birth_date,phone,address,cc
Sebastian,seabas@sebas.com,"Thu, 21 Oct 2021 10:13:14 -0500",3222520000,Some address,344602741888802
User 3,sebaas2@sebas.com,"Thu, 21 Oct 2021 10:13:14 -0502",3222520000,Some address,30569309025904
User 5,sebaas4@sebas.com,"Thu, 21 Oct 2021 10:13:14 -0504",3222520000,Some address,5555555555554444
User 6,seabas5@sebas.com,"Thu, 21 Oct 2021 10:13:14 -0505",3222520000,Some address,4111111111111111
User 7,sebaas6@sebas.com,"Thu, 21 Oct 2021 10:13:14 -0506",3222520000,Some address,3572664101387242389
Sebastian,seaabas7@sebas.com,"Thu, 21 Oct 2021 10:13:14 -0500",3222520000,Some address,344602741888802
User 3,sebmas22@sebas.com,"Thu, 21 Oct 2021 10:13:14 -0502",3222520000,Some address,30569309025904
User 5,sembas42@sebas.com,"Thu, 21 Oct 2021 10:13:14 -0504",3222520000,Some address,5555555555554444
User 6,sebmas52@sebas.com,"Thu, 21 Oct 2021 10:13:14 -0505",3222520000,Some address,4111111111111111
User 7,sembas62@sebas.com,"Thu, 21 Oct 2021 10:13:14 -0506",3222520000,Some address,3572664101387242389
Sebastian,sebffas@sebas.com,"Thu, 21 Oct 2021 10:13:14 -0500",3222520000,Some address,344602741888802
User 3,sebfas32@sebas.com,"Thu, 21 Oct 2021 10:13:14 -0502",3222520000,Some address,30569309025904
User 5,sefbas34@sebas.com,"Thu, 21 Oct 2021 10:13:14 -0504",3222520000,Some address,5555555555554444
User 6,sefbas35@sebas.com,"Thu, 21 Oct 2021 10:13:14 -0505",3222520000,Some address,4111111111111111
User 7,sefbas36@sebas.com,"Thu, 21 Oct 2021 10:13:14 -0506",3222520000,Some address,3572664101387242389
Sebastian,sebbbas3@sebas.com,"Thu, 21 Oct 2021 10:13:14 -0500",3222520000,Some address,344602741888802
User 3,sebbas23@sebas.com,"Thu, 21 Oct 2021 10:13:14 -0502",3222520000,Some address,30569309025904
User 5,sebbas43@sebas.com,"Thu, 21 Oct 2021 10:13:14 -0504",3222520000,Some address,5555555555554444
User 6,sebbas53@sebas.com,"Thu, 21 Oct 2021 10:13:14 -0505",3222520000,Some address,4111111111111111
User 7,sebbas63@sebas.com,"Thu, 21 Oct 2021 10:13:14 -0506",3222520000,Some address,3572664101387242389
Sebastian,sebvvas8@sebas.com,"Thu, 21 Oct 2021 10:13:14 -0500",3222520000,Some address,344602741888802
User 3,sebavs28@sebas.com,"Thu, 21 Oct 2021 10:13:14 -0502",3222520000,Some address,30569309025904
User 5,sebvas48@sebas.com,"Thu, 21 Oct 2021 10:13:14 -0504",3222520000,Some address,5555555555554444
User 6,sevbas58@sebas.com,"Thu, 21 Oct 2021 10:13:14 -0505",3222520000,Some address,4111111111111111
User 7,sevbas68@sebas.com,"Thu, 21 Oct 2021 10:13:14 -0506",3222520000,Some address,3572664101387242389
Sebastian,scceba8s@sebas.com,"Thu, 21 Oct 2021 10:13:14 -0500",3222520000,Some address,344602741888802
User 3,secbas82@sebas.com,"Thu, 21 Oct 2021 10:13:14 -0502",3222520000,Some address,30569309025904
User 5,secb8as4@sebas.com,"Thu, 21 Oct 2021 10:13:14 -0504",3222520000,Some address,5555555555554444
User 6,sec8bas5@sebas.com,"Thu, 21 Oct 2021 10:13:14 -0505",3222520000,Some address,4111111111111111
User 7,sebacs6@sebas.com,"Thu, 21 Oct 2021 10:13:14 -0506",3222520000,Some address,3572664101387242389
Sebastian,sessbas@sebas.com,"Thu, 21 Oct 2021 10:13:14 -0500",3222520000,Some address,344602741888802
User 3,s8se8bas2@sebas.com,"Thu, 21 Oct 2021 10:13:14 -0502",3222520000,Some address,30569309025904
User 5,s8se8bas4@sebas.com,"Thu, 21 Oct 2021 10:13:14 -0504",3222520000,Some address,5555555555554444
User 6,sebsas588@sebas.com,"Thu, 21 Oct 2021 10:13:14 -0505",3222520000,Some address,4111111111111111
User 7,sesbas886@sebas.com,"Thu, 21 Oct 2021 10:13:14 -0506",3222520000,Some address,3572664101387242389